Fecha,GolesLocal,GolesVisit,Total goles,OneHotEncoding,,Resultado
11/8/23,1,1,2,0,,El porcentaje de partidos con más de 2.5 goles es: 36.97%
11/8/23,2,0,2,0,,
12/8/23,4,0,4,1,,
12/8/23,2,0,2,0,,
12/8/23,0,1,1,0,,
13/8/23,1,1,2,0,,
13/8/23,1,1,2,0,,
13/8/23,0,1,1,0,,
13/8/23,0,1,1,0,,
14/8/23,4,0,4,1,,
14/8/23,1,0,1,0,,
18/8/23,3,2,5,1,,
18/8/23,1,0,1,0,,
19/8/23,2,1,3,1,,
19/8/23,2,0,2,0,,
19/8/23,3,2,5,1,,
19/8/23,0,2,2,0,,
20/8/23,1,1,2,0,,
20/8/23,3,0,3,1,,
20/8/23,2,2,4,1,,
21/8/23,3,1,4,1,,
21/8/23,0,2,2,0,,
25/8/23,0,1,1,0,,
26/8/23,1,0,1,0,,
26/8/23,0,1,1,0,,
26/8/23,1,0,1,0,,
26/8/23,0,2,2,0,,
27/8/23,2,0,2,0,,
27/8/23,0,1,1,0,,
27/8/23,3,0,3,1,,
27/8/23,2,0,2,0,,
28/8/23,2,1,3,1,,
28/8/23,0,0,0,0,,
1/9/23,1,1,2,0,,
1/9/23,2,0,2,0,,
2/9/23,2,1,3,1,,
2/9/23,1,1,2,0,,
2/9/23,1,1,2,0,,
2/9/23,1,2,3,1,,
3/9/23,0,1,1,0,,
3/9/23,0,1,1,0,,
3/9/23,2,0,2,0,,
3/9/23,3,2,5,1,,
3/9/23,1,1,2,0,,
8/9/23,1,4,5,1,,
9/9/23,1,0,1,0,,
9/9/23,0,0,0,0,,
9/9/23,2,0,2,0,,
9/9/23,2,0,2,0,,
10/9/23,2,2,4,1,,
10/9/23,1,0,1,0,,
10/9/23,4,3,7,1,,
10/9/23,1,3,4,1,,
10/9/23,1,1,2,0,,
11/9/23,2,2,4,1,,
15/9/23,1,1,2,0,,
16/9/23,2,2,4,1,,
16/9/23,1,0,1,0,,
16/9/23,0,2,2,0,,
16/9/23,2,1,3,1,,
17/9/23,2,0,2,0,,
17/9/23,2,0,2,0,,
17/9/23,3,3,6,1,,
17/9/23,1,0,1,0,,
17/9/23,2,1,3,1,,
18/9/23,1,0,1,0,,
22/9/23,1,2,3,1,,
23/9/23,0,0,0,0,,
23/9/23,2,0,2,0,,
23/9/23,4,0,4,1,,
23/9/23,0,2,2,0,,
23/9/23,2,1,3,1,,
24/9/23,3,1,4,1,,
24/9/23,0,1,1,0,,
24/9/23,1,3,4,1,,
25/9/23,1,0,1,0,,
25/9/23,1,0,1,0,,
29/9/23,2,1,3,1,,
30/9/23,3,0,3,1,,
30/9/23,0,0,0,0,,
30/9/23,2,2,4,1,,
30/9/23,3,1,4,1,,
1/10/23,1,3,4,1,,
1/10/23,0,1,1,0,,
1/10/23,3,0,3,1,,
1/10/23,0,0,0,0,,
1/10/23,0,1,1,0,,
2/10/23,3,0,3,1,,
3/10/23,1,1,2,0,,
3/10/23,1,2,3,1,,
3/10/23,2,0,2,0,,
4/10/23,1,0,1,0,,
4/10/23,0,1,1,0,,
4/10/23,1,0,1,0,,
4/10/23,2,0,2,0,,
5/10/23,1,3,4,1,,
5/10/23,0,1,1,0,,
5/10/23,0,2,2,0,,
5/10/23,1,0,1,0,,
6/10/23,0,2,2,0,,
7/10/23,0,1,1,0,,
7/10/23,3,2,5,1,,
7/10/23,0,0,0,0,,
8/10/23,1,2,3,1,,
8/10/23,3,2,5,1,,
8/10/23,1,1,2,0,,
8/10/23,2,1,3,1,,
8/10/23,0,2,2,0,,
9/10/23,2,1,3,1,,
9/10/23,3,1,4,1,,
13/10/23,3,0,3,1,,
14/10/23,1,1,2,0,,
14/10/23,2,3,5,1,,
14/10/23,2,2,4,1,,
14/10/23,2,0,2,0,,
15/10/23,3,2,5,1,,
15/10/23,1,1,2,0,,
15/10/23,2,0,2,0,,
15/10/23,1,1,2,0,,
15/10/23,6,0,6,1,,
16/10/23,1,0,1,0,,
20/10/23,0,1,1,0,,
21/10/23,0,0,0,0,,
21/10/23,0,3,3,1,,
21/10/23,0,0,0,0,,
21/10/23,2,3,5,1,,
22/10/23,1,1,2,0,,
22/10/23,0,1,1,0,,
22/10/23,1,3,4,1,,
22/10/23,3,0,3,1,,
22/10/23,2,0,2,0,,
23/10/23,1,1,2,0,,
27/10/23,5,1,6,1,,
28/10/23,2,0,2,0,,
28/10/23,2,0,2,0,,
28/10/23,2,0,2,0,,
28/10/23,2,1,3,1,,
29/10/23,2,1,3,1,,
29/10/23,0,0,0,0,,
29/10/23,1,0,1,0,,
29/10/23,2,0,2,0,,
29/10/23,1,3,4,1,,
30/10/23,1,1,2,0,,
3/11/23,2,2,4,1,,
4/11/23,0,3,3,1,,
4/11/23,2,2,4,1,,
4/11/23,2,0,2,0,,
4/11/23,1,1,2,0,,
5/11/23,1,0,1,0,,
5/11/23,0,1,1,0,,
5/11/23,0,3,3,1,,
5/11/23,3,1,4,1,,
5/11/23,2,0,2,0,,
6/11/23,0,0,0,0,,
10/11/23,2,1,3,1,,
11/11/23,2,3,5,1,,
11/11/23,1,2,3,1,,
11/11/23,2,0,2,0,,
11/11/23,1,1,2,0,,
12/11/23,4,2,6,1,,
12/11/23,1,3,4,1,,
12/11/23,1,1,2,0,,
12/11/23,0,1,1,0,,
12/11/23,1,1,2,0,,
13/11/23,1,1,2,0,,
17/11/23,1,1,2,0,,
18/11/23,0,0,0,0,,
18/11/23,2,0,2,0,,
18/11/23,0,2,2,0,,
18/11/23,2,0,2,0,,
19/11/23,1,1,2,0,,
19/11/23,2,2,4,1,,
19/11/23,2,1,3,1,,
19/11/23,0,0,0,0,,
19/11/23,1,1,2,0,,
20/11/23,2,4,6,1,,
24/11/23,0,1,1,0,,
25/11/23,0,0,0,0,,
25/11/23,2,0,2,0,,
25/11/23,1,0,1,0,,
25/11/23,3,1,4,1,,
26/11/23,2,2,4,1,,
26/11/23,2,1,3,1,,
26/11/23,2,0,2,0,,
26/11/23,1,1,2,0,,
26/11/23,2,0,2,0,,
27/11/23,2,0,2,0,,
1/12/23,2,0,2,0,,
2/12/23,0,3,3,1,,
2/12/23,1,0,1,0,,
2/12/23,1,0,1,0,,
2/12/23,2,1,3,1,,
3/12/23,1,0,1,0,,
3/12/23,0,2,2,0,,
3/12/23,5,4,9,1,,
3/12/23,0,0,0,0,,
3/12/23,0,1,1,0,,
4/12/23,1,0,1,0,,
8/12/23,2,0,2,0,,
8/12/23,1,1,2,0,,
9/12/23,2,1,3,1,,
9/12/23,0,0,0,0,,
9/12/23,0,0,0,0,,
10/12/23,1,2,3,1,,
10/12/23,2,2,4,1,,
10/12/23,2,2,4,1,,
10/12/23,1,1,2,0,,
10/12/23,1,0,1,0,,
11/12/23,1,0,1,0,,
15/12/23,3,2,5,1,,
16/12/23,3,3,6,1,,
16/12/23,1,1,2,0,,
16/12/23,0,3,3,1,,
16/12/23,1,1,2,0,,
16/12/23,2,0,2,0,,
17/12/23,1,0,1,0,,
17/12/23,2,1,3,1,,
17/12/23,1,1,2,0,,
17/12/23,3,1,4,1,,
18/12/23,1,0,1,0,,
19/12/23,2,0,2,0,,
19/12/23,1,1,2,0,,
19/12/23,3,3,6,1,,
19/12/23,0,0,0,0,,
20/12/23,2,2,4,1,,
20/12/23,1,1,2,0,,
20/12/23,1,1,2,0,,
21/12/23,1,1,2,0,,
21/12/23,3,0,3,1,,
21/12/23,0,1,1,0,,
21/12/23,1,2,3,1,,
12/1/24,2,0,2,0,,
13/1/24,0,0,0,0,,
13/1/24,3,2,5,1,,
13/1/24,0,1,1,0,,
13/1/24,1,1,2,0,,
13/1/24,1,0,1,0,,
13/1/24,0,0,0,0,,
14/1/24,2,3,5,1,,
14/1/24,0,0,0,0,,
14/1/24,4,1,5,1,,
15/1/24,1,1,2,0,,
20/1/24,0,1,1,0,,
20/1/24,0,2,2,0,,
20/1/24,2,0,2,0,,
20/1/24,1,2,3,1,,
20/1/24,2,1,3,1,,
20/1/24,1,3,4,1,,
21/1/24,0,2,2,0,,
21/1/24,1,1,2,0,,
21/1/24,2,3,5,1,,
21/1/24,0,0,0,0,,
22/1/24,2,0,2,0,,
26/1/24,1,0,1,0,,
27/1/24,0,0,0,0,,
27/1/24,1,0,1,0,,
27/1/24,1,0,1,0,,
27/1/24,0,0,0,0,,
28/1/24,3,2,5,1,,
28/1/24,0,1,1,0,,
28/1/24,1,1,2,0,,
28/1/24,2,1,3,1,,
28/1/24,1,2,3,1,,
29/1/24,3,1,4,1,,
2/2/24,2,0,2,0,,
3/2/24,1,1,2,0,,
3/2/24,1,0,1,0,,
3/2/24,3,0,3,1,,
3/2/24,0,0,0,0,,
3/2/24,0,0,0,0,,
4/2/24,1,1,2,0,,
4/2/24,0,1,1,0,,
4/2/24,1,1,2,0,,
4/2/24,2,1,3,1,,
5/2/24,3,0,3,1,,
9/2/24,0,0,0,0,,
10/2/24,0,0,0,0,,
10/2/24,1,0,1,0,,
10/2/24,1,0,1,0,,
10/2/24,2,0,2,0,,
11/2/24,1,0,1,0,,
11/2/24,1,0,1,0,,
11/2/24,1,0,1,0,,
11/2/24,1,0,1,0,,
11/2/24,2,0,2,0,,
12/2/24,0,0,0,0,,
16/2/24,1,2,3,1,,
17/2/24,1,1,2,0,,
17/2/24,5,0,5,1,,
17/2/24,1,1,2,0,,
17/2/24,3,0,3,1,,
18/2/24,2,0,2,0,,
18/2/24,0,0,0,0,,
18/2/24,3,0,3,1,,
18/2/24,0,0,0,0,,
18/2/24,0,0,0,0,,
19/2/24,1,0,1,0,,
23/2/24,3,0,3,1,,
24/2/24,2,1,3,1,,
24/2/24,2,3,5,1,,
24/2/24,0,0,0,0,,
25/2/24,2,0,2,0,,
25/2/24,1,1,2,0,,
25/2/24,1,0,1,0,,
25/2/24,0,1,1,0,,
25/2/24,1,1,2,0,,
26/2/24,0,3,3,1,,
1/3/24,2,1,3,1,,
2/3/24,2,0,2,0,,
2/3/24,0,0,0,0,,
2/3/24,2,2,4,1,,
2/3/24,3,2,5,1,,
2/3/24,3,0,3,1,,
3/3/24,2,1,3,1,,
3/3/24,2,1,3,1,,
3/3/24,0,1,1,0,,
3/3/24,0,2,2,0,,
4/3/24,3,0,3,1,,
8/3/24,2,0,2,0,,
9/3/24,1,2,3,1,,
9/3/24,3,1,4,1,,
9/3/24,2,0,2,0,,
9/3/24,2,1,3,1,,
10/3/24,4,2,6,1,,
10/3/24,1,0,1,0,,
10/3/24,0,1,1,0,,
10/3/24,0,1,1,0,,
10/3/24,1,1,2,0,,
11/3/24,0,1,1,0,,
13/3/24,0,0,0,0,,
15/3/24,0,0,0,0,,
16/3/24,1,1,2,0,,
16/3/24,2,0,2,0,,
16/3/24,1,1,2,0,,
16/3/24,0,0,0,0,,
16/3/24,1,0,1,0,,
17/3/24,4,0,4,1,,
17/3/24,2,0,2,0,,
17/3/24,3,2,5,1,,
17/3/24,0,1,1,0,,
18/3/24,0,1,1,0,,
23/3/24,1,0,1,0,,
23/3/24,1,2,3,1,,
23/3/24,1,0,1,0,,
23/3/24,1,1,2,0,,
24/3/24,3,1,4,1,,
24/3/24,3,1,4,1,,
24/3/24,3,0,3,1,,
24/3/24,0,0,0,0,,
24/3/24,3,2,5,1,,
24/3/24,2,1,3,1,,
25/3/24,1,1,2,0,,
29/3/24,0,0,0,0,,
30/3/24,0,0,0,0,,
30/3/24,5,1,6,1,,
30/3/24,1,0,1,0,,
30/3/24,0,0,0,0,,
30/3/24,1,1,2,0,,
30/3/24,2,3,5,1,,
31/3/24,1,1,2,0,,
31/3/24,1,0,1,0,,
31/3/24,3,1,4,1,,
31/3/24,2,1,3,1,,
5/4/24,0,2,2,0,,
5/4/24,3,1,4,1,,
6/4/24,0,2,2,0,,
6/4/24,2,1,3,1,,
7/4/24,0,0,0,0,,
7/4/24,1,3,4,1,,
7/4/24,2,1,3,1,,
7/4/24,2,1,3,1,,
7/4/24,2,1,3,1,,
7/4/24,0,2,2,0,,
8/4/24,0,1,1,0,,
12/4/24,0,0,0,0,,
13/4/24,1,0,1,0,,
13/4/24,1,0,1,0,,
13/4/24,1,2,3,1,,
14/4/24,1,1,2,0,,
14/4/24,0,2,2,0,,
14/4/24,1,0,1,0,,
14/4/24,2,1,3,1,,
14/4/24,1,1,2,0,,
14/4/24,2,1,3,1,,
15/4/24,1,0,1,0,,
19/4/24,0,0,0,0,,
20/4/24,0,3,3,1,,
20/4/24,1,0,1,0,,
20/4/24,0,0,0,0,,
20/4/24,2,1,3,1,,
20/4/24,1,2,3,1,,
21/4/24,1,1,2,0,,
21/4/24,2,0,2,0,,
21/4/24,0,1,1,0,,
21/4/24,2,1,3,1,,
22/4/24,2,0,2,0,,
26/4/24,1,1,2,0,,
27/4/24,2,2,4,1,,
27/4/24,1,1,2,0,,
27/4/24,2,2,4,1,,
28/4/24,0,3,3,1,,
28/4/24,0,1,1,0,,
28/4/24,0,0,0,0,,
28/4/24,0,1,1,0,,
28/4/24,1,0,1,0,,
28/4/24,2,1,3,1,,
29/4/24,0,2,2,0,,
3/5/24,0,3,3,1,,
4/5/24,0,1,1,0,,
4/5/24,0,2,2,0,,
4/5/24,3,1,4,1,,
4/5/24,1,0,1,0,,
5/5/24,5,0,5,1,,
5/5/24,0,0,0,0,,
5/5/24,0,1,1,0,,
5/5/24,1,2,3,1,,
5/5/24,1,3,4,1,,
5/5/24,2,0,2,0,,
10/5/24,1,2,3,1,,
11/5/24,1,0,1,0,,
11/5/24,5,2,7,1,,
11/5/24,2,1,3,1,,
11/5/24,0,0,0,0,,
11/5/24,2,2,4,1,,
12/5/24,2,0,2,0,,
12/5/24,1,0,1,0,,
12/5/24,1,0,1,0,,
12/5/24,2,0,2,0,,
12/5/24,0,3,3,1,,
17/5/24,1,1,2,0,,
18/5/24,1,0,1,0,,
18/5/24,2,1,3,1,,
18/5/24,0,3,3,1,,
18/5/24,0,0,0,0,,
18/5/24,0,1,1,0,,
19/5/24,1,0,1,0,,
19/5/24,1,1,2,0,,
19/5/24,2,2,4,1,,
20/5/24,2,2,4,1,,
20/5/24,2,1,3,1,,
26/5/24,1,0,1,0,,
26/5/24,2,2,4,1,,
26/5/24,2,2,4,1,,
26/5/24,2,2,4,1,,
26/5/24,0,2,2,0,,
26/5/24,3,2,5,1,,
26/5/24,1,2,3,1,,
26/5/24,0,0,0,0,,
26/5/24,3,0,3,1,,
26/5/24,0,2,2,0,,
26/5/24,1,1,2,0,,
2/6/24,0,0,0,0,,
2/6/24,1,1,2,0,,
2/6/24,1,0,1,0,,
2/6/24,2,1,3,1,,
2/6/24,4,3,7,1,,
2/6/24,2,0,2,0,,
2/6/24,1,0,1,0,,
2/6/24,3,0,3,1,,
2/6/24,0,1,1,0,,
2/6/24,1,0,1,0,,
2/6/24,1,1,2,0,,
8/6/24,0,0,0,0,,
9/6/24,0,1,1,0,,
12/6/24,0,2,2,0,,
13/6/24,0,0,0,0,,
16/6/24,1,0,1,0,,
23/6/24,2,0,2,0,,
